nan,0.0,nan
nan,0.0,nan
nan,0.0,nan
nan,0.0,nan
nan,0.0,nan
nan,0.0,nan
nan,0.0,nan
nan,0.0,nan
nan,0.0,nan
nan,0.0,nan
nan,0.0,nan
nan,0.0,nan
-0.63474536981876362,0.53846153846153844,1.7116684467418404
-0.46768148899797235,1.0,2.4676814889979726
-0.43447167346598903,1.8666666666666667,4.1678050067993224
-0.8541040187675577,3.8125,8.4791040187675577
-0.22017114632084667,5.7058823529411766,11.631935852203199
0.58308928870956134,8.1111111111111107,15.639132933512659
1.8535712456183493,10.263157894736842,18.672744543855337
3.2778288021993429,12.199999999999999,21.122171197800654
4.7121202851758195,15.047619047619047,25.383117810062274
6.4308608128944016,17.772727272727273,29.114593732560145
8.2846008807378571,20.260869565217391,32.237138249696926
10.16914609655273,22.541666666666668,34.914187236780606
12.032817360829382,24.640000000000001,37.247182639170617
14.072958809682234,27.96153846153846,41.850118113394686
16.305212900166623,31.74074074074074,47.176268581314858
18.698149842361715,36.714285714285715,54.730421586209715
21.567103458528674,41.344827586206897,61.122551713885116
24.649950523248023,45.733333333333334,66.816716143418645
27.284714744304299,48.322580645161288,69.360446546018281
29.813920114904608,50.75,71.686079885095396
32.238768692244705,53.030303030303031,73.821837368361358
34.561928390388474,55.176470588235297,75.791012786082121
37.120334025032093,57.828571428571429,78.536808832110765
39.59658870800736,60.333333333333336,81.070077958659311
41.989109427687325,62.702702702702702,83.416295977718079
44.298039257977905,64.94736842105263,85.596697584127355
46.73196038147654,67.461538461538467,88.191116541600394
49.092285735849629,69.849999999999994,90.60771426415036
49.624728011081515,69.853658536585371,90.082589062089227
50.130714690176063,69.857142857142861,89.583571024109659
50.612170422984164,69.860465116279073,89.108759809573982
51.070837528321775,69.86363636363636,88.656435198950945
51.508297092070727,69.86666666666666,88.225036241262586
52.075443991763095,70.021739130434781,87.968034269106468
52.617890365276423,70.170212765957444,87.722535166638465
53.137216301094952,70.3125,87.487783698905048
53.634869864470865,70.448979591836732,87.263089319202606
54.112180610644899,70.579999999999998,87.047819389355098
56.125032993772379,72.941176470588232,89.757319947404085
58.111326438518873,75.211538461538467,92.311750484558061
60.065946461439609,77.396226415094333,94.726506368749057
61.985415557378843,79.5,97.014584442621157
63.867432146178288,81.527272727272731,99.187113308367174
65.710552686833964,83.482142857142861,101.25373302745176
67.513966938965751,85.368421052631575,103.2228751662974
69.27733576615951,87.189655172413794,105.10197457866808
71.000672060637285,88.949152542372886,106.89763302410849
72.684252077356319,90.650000000000006,108.61574792264369
74.588127592353004,92.73770491803279,110.88728224371258
76.458132267881382,94.758064516129039,113.0579967643767
78.293205549940268,96.714285714285708,115.13536587863115
80.09273201192056,98.609375,117.12601798807944
81.856436207710701,100.44615384615385,119.035871484597
83.584303401416236,102.22727272727273,120.87024205312923
85.276519075504197,103.95522388059702,122.63392868568984
86.933422293269032,105.63235294117646,124.3312835890839
88.744803849117545,107.56521739130434,126.38563093349114
90.757068626598965,109.85714285714286,128.95721708768676
93.44487324729063,114.01408450704226,134.58329576679387
96.236410423999814,118.05555555555556,139.8747006871113
99.156682075254864,122.20547945205479,145.2542768288547
102.17054000515394,126.36486486486487,150.55918972457582
105.2226858027451,130.41333333333333,155.60398086392155
108.29262353074742,134.35526315789474,160.41790278504206
111.36551059674804,138.19480519480518,165.02409979286233
114.43036358545682,141.93589743589743,169.44143128633806
117.47893054760586,145.58227848101265,173.68562641441946
120.50494920336546,149.13749999999999,177.77005079663454
122.39414723660016,150.87654320987653,179.3589391831529
124.24374815027299,152.57317073170731,180.90259331314161
126.05486521176022,154.22891566265059,182.40296611354097
127.87427228093205,155.9047619047619,183.93525152859175
129.65675854148952,157.54117647058823,185.42559439968693
131.4033335678435,159.13953488372093,186.87573619959835
133.11497854406778,160.70114942528735,188.28732030650693
134.79264637984178,162.22727272727272,189.66189907470365
136.43726197110178,163.71910112359549,191.00094027608921
138.04972257570486,165.17777777777778,192.30583297985069
140.27101903848504,167.4835164835165,194.69601392854796
142.4576390067237,169.7391304347826,197.02062186284149
144.63180569067279,171.97849462365591,199.32518355663902
146.77198531273359,174.17021276595744,201.5684402191813
148.87855533708873,176.31578947368422,203.75302361027971
150.95193498081039,178.41666666666666,205.88139835252292
152.99257671650847,180.4742268041237,207.95587689173894
155.00095917263985,182.48979591836735,209.97863266409485
157.02793181993255,184.53535353535352,212.0427752507745
159.20416917552157,186.80000000000001,214.39583082447845
160.77127160152725,188.23762376237624,215.70397592322524
162.31125260937205,189.64705882352942,216.98286503768679
163.82476300679429,191.02912621359224,218.23348942039019
165.31243591881093,192.38461538461539,219.45679485041984
166.77488713211179,193.71428571428572,220.65368429645966
168.21271546133582,195.01886792452831,221.8250203877208
169.6265031317082,196.29906542056074,222.97162770941327
171.01681617339406,197.55555555555554,224.09429493771702
172.3842048236688,198.78899082568807,225.19377682770735
173.72920393363719,200.0,226.27079606636281
176.42160084710912,203.22522522522522,230.02884960334131
179.10068092584928,206.39285714285714,233.685033359865
181.76375310820518,209.50442477876106,237.24509644931695
184.40863679585212,212.56140350877192,240.71417022169172
187.03356319375465,215.56521739130434,244.09687158885404
189.63709905511334,218.51724137931035,247.39738370350736
192.21808691812998,221.41880341880341,250.61951991947683
194.77559768755117,224.27118644067798,253.76677519380479
197.30889259640981,227.07563025210084,256.84236790779187
199.81739239199806,229.83333333333334,259.84927427466863
201.38569903183856,231.28925619834712,261.19281336485568
202.93115775697493,232.72131147540983,262.51146519384474
204.45423250194591,234.130081300813,263.8059300996801
205.95537642408596,235.51612903225808,265.0768816404302
207.43503209233162,236.88,266.32496790766834
208.893631684327,238.22222222222223,267.55081276011748
210.33159718989765,239.54330708661416,268.75501698333068
211.74934061922909,240.84375,269.93815938077091
213.14726421431754,242.12403100775194,271.10079780118633
214.52576066246192,243.38461538461539,272.24347010676888
216.77971059047579,245.81679389312978,274.85387719578381
219.01089276021722,248.21212121212122,277.41334966402519
221.21924378376451,250.57142857142858,279.92361335909266
223.40474677607074,252.8955223880597,282.38629800004867
225.56742492443183,255.18518518518519,284.80294544593858
227.70733596822004,257.44117647058823,287.17501697295643
229.82456744270041,259.66423357664235,289.50389971058428
231.91923256750565,261.85507246376812,291.79091236003063
233.99146668159989,264.01438848920861,294.03731029681734
236.04142414356272,266.14285714285717,296.24429014215161
238.55849099054498,268.95744680851061,299.35640262647627
241.05563912439553,271.73239436619718,302.40914960799887
243.53240571790224,274.46853146853147,305.4046572191607
245.98841868736179,277.16666666666669,308.34491464597158
248.42338413976969,279.82758620689657,311.23178827402347
250.85554344585549,282.47945205479454,314.10336066373355
253.28479557611305,285.12244897959181,316.96010238307059
255.69265832958263,287.72972972972974,319.76680112987685
258.07901006965403,290.30201342281879,322.52501677598354
260.44377355643337,292.83999999999997,325.23622644356658
263.12430236482783,295.84768211920527,328.57106187358272
265.80243867128297,298.84210526315792,331.88177185503287
268.57860804503804,301.98039215686276,335.38217626868749
271.37736382648745,305.14285714285717,338.90835045922688
274.1696008495523,308.28387096774196,342.39814108593163
276.94243988397312,311.38461538461536,345.82679088525759
279.72864995853689,314.49681528662421,349.26498061471153
282.49481224273575,317.56962025316454,352.64442826359334
285.24050406390745,320.60377358490564,355.96704310590383
287.96537946267131,323.60000000000002,359.23462053732874
290.85869191670866,326.84472049689441,362.83074907708016
293.75643483864326,330.08641975308643,366.4164046675296
296.63414639812743,333.28834355828224,369.94254071843704
299.49138591998428,336.45121951219511,373.41105310440594
302.32778943475256,339.57575757575756,376.82372571676257
305.14305995177733,342.66265060240966,380.18224125304198
307.93695912965052,345.7125748502994,383.48819057094829
310.70930010944392,348.72619047619048,386.74308084293705
313.45994132139606,351.70414201183434,389.94834270227261
316.25031829553319,354.73529411764707,393.22026993976095
318.50903784725944,357.03508771929825,395.56113759133706
320.74641514844058,359.30813953488371,397.86986392132684
323.05138708334061,361.67052023121386,400.2896533790871
325.33949925405329,364.01149425287355,402.6834892516938
327.63714843895968,366.36571428571426,405.09428013246884
329.93554360052474,368.72159090909093,407.50763821765713
332.29050377290719,371.15254237288133,410.01458097285547
334.62453957999725,373.5561797752809,412.48781997056454
336.93782438423489,375.93296089385473,414.92809740347457
339.2305362013285,378.28333333333336,417.33613046533821
343.04138621276059,382.95580110497235,422.87021599718412
346.87146824779757,387.61538461538464,428.35930098297172
350.76165105878988,392.33879781420762,433.91594456962537
354.71133524964392,397.125,439.53866475035608
358.70770541622215,401.95135135135138,445.1949972864806
362.75603001472672,406.8279569892473,450.89988396376788
366.82175543514597,411.69518716577539,456.56861889640481
370.92200651249351,416.58510638297872,462.24820625346393
375.01206873101995,421.4232804232804,467.83449211554085
379.08986575956652,426.21052631578948,473.33118687201244
381.950119246925,429.18848167539267,476.42684410386033
384.81079748118668,432.16666666666669,479.52253585214669
387.64835852564238,435.11398963730568,482.57962074896898
390.46295654222081,438.03092783505156,485.59889912788231
393.25475211897907,440.91794871794872,488.58114531691837
396.02391148578812,443.77551020408163,491.52710892237513
398.77060580507361,446.60406091370561,494.4375160223376
401.49501052985266,449.40404040404042,497.31307027822817
404.19730482221524,452.1758793969849,500.15445397175455
406.87767102618125,454.92000000000002,502.96232897381879
410.43195846729844,458.86069651741292,507.28943456752739
413.96513901443745,462.76237623762376,511.55961346081006
417.47691596878144,466.62561576354682,515.7743155583122
420.96704018671255,470.45098039215685,519.93492059760115
424.4353049661928,474.23902439024391,524.04274381429502
427.88154155546778,477.99029126213594,528.09904096880405
431.30561519523786,481.70531400966183,532.10501282408586
434.70742162007525,485.38461538461536,536.06180914915547
438.0868839567778,489.02870813397129,539.97053231116479
441.44394996710508,492.63809523809522,543.83224050908541
443.29356805006921,494.35545023696682,545.41733242386442
445.12702362574282,496.05660377358492,546.98618392142703
446.94452123826545,497.74178403755866,548.53904683685187
448.74626217691514,499.41121495327104,550.07616772962695
450.53244453381723,501.06511627906974,551.5977880243222
452.31942955959369,502.72222222222223,553.12501488485077
454.09112513602361,504.36405529953919,554.63698546305477
455.84772107199774,505.99082568807341,556.13393030414909
457.58940420178476,507.60273972602738,557.61607525027
459.31635843752628,509.19999999999999,559.08364156247376
463.3933624623869,513.90950226244343,564.42564206249995
467.45553442674185,518.5765765765766,569.69761872641129
471.50192348190234,523.2017937219731,574.90166396204381
475.58152381091173,527.86160714285711,580.14169047480243
479.65312007039887,532.49333333333334,585.33354659626787
483.70727773580347,537.0840707964602,590.46086385711692
487.74334555138472,541.63436123348015,595.52537691557552
491.76075103236695,546.14473684210532,600.52872265184362
495.7589916541898,550.61572052401743,605.47244939384507
499.73762721075866,555.04782608695655,610.35802496315443
504.19983798668881,560.19480519480521,616.18977240292156
508.64638297756511,565.29741379310349,621.94844460864181
513.07630065897808,570.35622317596562,627.63614569295316
517.4887418807848,575.37179487179492,633.25484786280504
521.94255626463018,580.43404255319149,638.92552884175279
526.37804858420941,585.45338983050851,644.52873107680762
530.82018337930697,590.46835443037969,650.11652548145241
535.24295833617293,595.44117647058829,655.63939460500364
539.64582603316057,600.37238493723851,661.09894384131644
544.03117905891474,605.26666666666665,666.50215427441856
546.70052715632016,607.90041493775936,669.10030271919857
549.35040283865305,610.51239669421489,671.67439054977672
551.98099687172805,613.10288065843622,674.22476444514439
554.62674001666051,615.71311475409834,676.79948949153618
557.25339944841937,618.30204081632655,679.35068218423373
559.86116030459925,620.869918699187,681.87867709377474
562.45020602079853,623.41700404858295,684.38380207636737
565.02071831769001,625.94354838709683,686.86637845650364
567.57287719058809,628.44979919678713,689.32672120298616
570.10686090131924,630.93600000000004,691.76513909868083
573.28046223705348,634.207171314741,695.13388039242852
576.47431796479418,637.50396825396831,698.53361854314244
579.70380482514656,640.8458498023715,701.98789477959645
582.9530286910508,644.2125984251968,705.4721681593428
586.18165518735339,647.55294117647054,708.92422716558769
589.38980933451035,650.8671875,712.34456566548965
592.57761842683817,654.15564202334633,715.73366561985449
595.74521177737915,657.41860465116281,719.09199752494646
598.89272048219755,660.65637065637065,722.42002083054376
602.02027720253,663.86923076923074,725.71818433593148
606.44567433955626,668.82375478927202,731.20183523898777
610.85234594266308,673.74045801526722,736.62857008787137
615.23991053878285,678.61977186311788,741.9996331874529
619.60803041622626,683.46212121212125,747.31621200801624
623.9724743468845,688.29056603773586,752.60865772858722
628.31698052230456,693.08270676691734,757.84843301153012
632.64130843360829,697.83895131086138,763.03659418811446
636.94524811568874,702.55970149253733,768.17415486938592
641.22861740766757,707.24535315985133,773.2620889120351
645.57452604879211,712.01111111111106,778.44769617343002
648.60984640479887,715.07380073800744,781.537755071216
651.62596652933792,718.11397058823525,784.60197464713258
654.62303774592328,721.13186813186815,787.64069851781301
657.6012108572379,724.12773722627742,790.65426359531693
660.5606360895606,727.1018181818182,793.6430002740758
663.57325059663799,730.14130434782612,796.70935809901425
666.59684776602717,733.19494584837548,799.7930439307238
669.60173194115168,736.226618705036,802.85150546892032
672.58804708593584,739.23655913978496,805.88507119363408
675.55593670468511,742.22500000000002,808.89406329531494
679.8510910976396,746.92170818505338,813.99232527246716
684.1392671958389,751.60283687943263,819.06640656302636
688.58737090692864,756.49823321554766,824.40909552416667
693.03361658796484,761.38380281690138,829.73398904583792
697.46003719209068,766.23508771929824,835.01013824650579
701.86646548115561,771.05244755244757,840.23842962373953
706.30629220889307,775.90940766550523,845.51252312211739
710.7259769300075,780.73263888888891,850.73930084777032
715.12538966549744,785.52249134948102,855.91959303346459
719.51461627675906,790.29310344827582,861.07159061979257
721.11913948443271,791.7079037800687,862.2966680757047
722.71308229957799,793.11301369863008,863.51294509768218
724.29654832642586,794.50853242320818,864.7205165199905
725.86963983283874,795.89455782312928,865.91947581341981
727.43245777153436,797.27118644067798,867.1099151098216
729.02562792571291,798.68243243243239,868.33923693915187
730.67352038988361,800.1548821548821,869.6362439198806
732.3169641854297,801.62416107382546,870.93135796222123
733.95907270088753,803.09364548494989,872.22821826901225
735.68524509555584,804.65666666666664,873.62808823777743
740.26605904761004,809.72757475083051,879.18909045405098
744.82861187411072,814.76490066225165,884.70118945039258
749.38462926078216,819.78547854785484,890.18632783492751
753.92199651475471,824.77302631578948,895.62405611682425
758.44052968645235,829.72786885245898,901.01520801846561
762.94486407322404,834.65686274509801,906.36886141697198
767.43007074639979,839.5537459283388,911.67742111027781
771.92482501668394,844.45779220779218,916.99075939890042
776.40026977557636,849.33009708737859,922.25992439918082
780.8563006215569,854.17096774193544,927.48563486231399
785.39089716753301,859.11254019292608,932.83418321831914
789.90606178058192,864.02243589743591,938.1388100142899
794.40169815403135,868.90095846645363,943.40021877887591
798.92535085363704,873.81210191082801,948.69885296801897
803.47920315223564,878.75873015873015,954.03825716522465
808.03708771799904,883.70569620253161,959.37430468706418
812.60364348757889,888.65930599369085,964.71496849980281
817.17406907607142,893.61320754716985,970.05234601826828
821.79757754036905,898.63322884012541,975.46888013988178
826.4527951975623,903.69062499999995,980.92845480243761
830.51423025036763,907.96884735202491,985.42346445368219
834.55595348834504,912.22049689440996,989.88504030047488
838.57802647829158,916.44582043343655,994.31361438858153
842.62199198058704,920.69753086419757,998.77306974780811
846.66583274422885,924.94769230769236,1003.2295518711559
850.70468935198505,929.19018404907979,1007.6756787461745
854.72404231072073,933.40672782874617,1012.0894133467716
858.72395923215959,937.59756097560978,1016.47116271906
862.70451059319498,941.76291793313067,1020.8213252730663
866.66576952153389,945.90303030303028,1025.1402910845268
871.77603496258837,951.54984894259815,1031.3236629226078
876.86760937190593,957.1626506024096,1037.4576918329133
881.94027952771501,962.74174174174175,1043.5432039557686
886.99385432475424,968.28742514970065,1049.5809959746471
892.0281630473022,973.79999999999995,1055.5718369526976
897.04305379976449,979.27976190476193,1061.5164700097594
902.03839207771989,984.727002967359,1067.4156138569981
907.02290783010881,990.15384615384619,1073.2847844775836
911.98766258574801,995.54867256637169,1079.1096825469954
916.93256382094728,1000.9117647058823,1084.8909655908174
920.58235812626879,1004.633431085044,1088.6845040438193
924.21386800116352,1008.3333333333334,1092.4527986655032
927.82720296481523,1012.0116618075801,1096.1961206503452
931.42247251408696,1015.6686046511628,1099.9147367882388
934.99978608109814,1019.304347826087,1103.6089095710759
938.56889430517685,1022.9306358381502,1107.2923773711236
942.12023402393038,1026.5360230547551,1110.9518120855798
945.65391397773271,1030.1206896551723,1114.5874653326118
949.17004271717747,1033.6848137535817,1118.1995847899859
952.6687285712876,1037.2285714285715,1121.7884142858554
957.66899258729438,1042.6609686609686,1127.6529447346429
962.68635403196777,1048.1107954545455,1133.5352368771232
967.68434848086952,1053.529745042493,1139.3751416041164
972.66932544692725,1058.9265536723165,1145.1837818977056
977.63480063737177,1064.2929577464788,1150.9511148555857
982.58071808934119,1069.629213483146,1156.6777088769509
987.50703157999681,1074.9355742296918,1162.3641168793868
992.42441975538361,1080.2262569832403,1168.0280942110969
997.40544866136963,1085.5961002785516,1173.7867518957335
1002.3987278438011,1090.9777777777779,1179.5568277117545
1006.7952650509047,1095.5927977839335,1184.3903305169624
1011.1724758006534,1100.1823204419888,1189.1921650833244
1015.5502975640553,1104.7713498622591,1193.9924021604629
1019.9243147731326,1109.3543956043957,1198.7844764356587
1024.2791392310612,1113.9123287671232,1203.5455183031852
1028.6148367794394,1118.4453551912568,1208.2758736030742
1032.9314752851594,1122.9536784741144,1212.9758816630695
1037.3035764709948,1127.5298913043478,1217.7562061377007
1041.6588079396172,1132.0840108401085,1222.5092137405998
1046.0015900186718,1136.6216216216217,1227.2416532245716
1051.3800217842436,1142.4878706199461,1233.5957194556486
1056.7574934273978,1148.3467741935483,1239.9360549596988
1062.1157053331676,1154.1742627345845,1246.2328201360015
1067.4545602179883,1159.9705882352941,1252.4866162526
1072.8225419294201,1165.8,1258.7774580705798
1078.2275431871265,1171.6728723404256,1265.1182014937247
1083.6352056693772,1177.5437665782492,1271.4523274871212
1089.0233305793529,1183.383597883598,1277.7438651878431
1094.3918429613707,1189.1926121372032,1283.9933813130358
1099.7406780558333,1194.9710526315789,1290.2014272073245
1103.9242683333114,1199.2808398950131,1294.6374114567147
1108.1045361950335,1203.586387434555,1299.0682386740766
1112.2750289659225,1207.8798955613577,1303.4847621567928
1116.437952537048,1212.1640625,1307.890172462952
1120.6619959776588,1216.5220779220779,1312.382159866497
1124.8975640210715,1220.8937823834196,1316.8900007457678
1129.1147601844823,1225.2428940568475,1321.3710279292127
1133.3136696749677,1229.569587628866,1325.8255055827642
1137.4943782365872,1233.8740359897172,1330.2536937428472
1141.6569720947045,1238.1564102564103,1334.655848418116
1147.0160813519742,1243.9360613810741,1340.8560414101739
1152.4009986505589,1249.7448979591836,1347.0887972678083
1157.7919964118094,1255.5572519083969,1353.3225074049844
1163.194878865095,1261.3807106598986,1359.5665424547021
1168.6115162945548,1267.2177215189874,1365.8239267434201
1174.0651859068651,1273.0984848484848,1372.1317837901045
1179.5323948874914,1278.9924433249371,1378.4524917623828
1185.0440368150364,1284.9396984924624,1384.8353601698884
1190.5709235886773,1290.9022556390978,1391.2335876895183
1196.0782395495939,1296.835,1397.5917604504061
1201.6583826182082,1302.857855361596,1404.0573281049838
1207.240030223094,1308.8781094527362,1410.5161886823785
1212.8020352988465,1314.8684863523574,1416.9349374058684
1218.3443586438827,1320.829207920792,1423.3140571977012
1223.8803963264154,1326.7777777777778,1429.6751592291403
1229.442655339092,1332.7561576354681,1436.0696599318442
1235.015730466323,1338.7444717444716,1442.4732130226203
1240.6090721888613,1344.7549019607843,1448.9007317327073
1246.2529395190709,1350.8264058679706,1455.3998722168703
1251.9470309830649,1356.9585365853659,1461.9700421876669
1256.6819131032037,1361.8832116788321,1467.0845102544606
1261.413764811691,1366.8033980582525,1472.193031304814
1266.1425973842895,1371.7191283292977,1477.295659274306
1270.8525591307853,1376.6111111111111,1482.3696630914369
1275.5476851334481,1381.4843373493975,1487.4209895653469
1280.2240772211217,1386.3341346153845,1492.4441920096474
1284.9153927631039,1391.2014388489208,1497.4874849347377
1289.5880530105255,1396.0454545454545,1502.5028560803835
1294.2421315783542,1400.8663484486874,1507.4905653190206
1298.8777028536945,1405.6642857142858,1512.4508685748772
1305.6186403668971,1413.1662707838479,1520.7139012007988
1312.3765906485937,1420.6800947867298,1528.9835989248659
1319.1409602717745,1428.1914893617022,1537.24201845163
1325.8872375270385,1435.6674528301887,1545.447668133339
1332.6308078790291,1443.129411764706,1553.6280156503828
1339.3923416668758,1450.605633802817,1561.8189259387582
1346.1351725764348,1458.0468384074941,1569.9585042385534
1352.859070315377,1465.4532710280373,1578.0474717406976
1359.5638232755473,1472.8251748251748,1586.0865263748024
1366.2841385890968,1480.2093023255813,1594.1344660620659
1372.2707989157225,1486.6287703016242,1600.9867416875259
1378.313330775479,1493.1157407407406,1607.9181507060023
1384.3771334255207,1499.6258660508083,1614.874598676096
1390.5250420293796,1506.2396313364056,1621.9542206434317
1396.6795323347535,1512.8574712643679,1629.0354101939822
1402.8530719132668,1519.4954128440368,1636.1377537748067
1409.0062302734973,1526.1029748283752,1643.1997193832531
1415.1389799190254,1532.6803652968038,1650.2217506745822
1421.3405684466954,1539.3416856492026,1657.3428028517098
1427.6566061789263,1546.1454545454546,1664.634302911983
1432.3965002353448,1551.0,1669.6034997646552
1437.117914680096,1555.8325791855204,1674.5472436909449
1441.8209345675316,1560.6433408577877,1679.4657471480439
1446.5056450127174,1565.4324324324325,1684.3592198521476
1451.2062963360017,1570.2404494382022,1689.2746025404026
1455.9057637473556,1575.0470852017938,1694.188406656232
1460.6323706413709,1579.8859060402685,1699.1394414391661
1465.353950534585,1584.71875,1704.083549465415
1470.0573685347258,1589.5300668151447,1709.0027650955635
1474.7427076907295,1594.3199999999999,1713.8972923092704
1481.0556368474834,1601.110864745011,1721.1660926425386
1487.3484688781448,1607.8716814159293,1728.3948939537138
1493.6281047304085,1614.6114790286977,1735.5948533269868
1499.8875884272493,1621.3215859030836,1742.7555833789179
1506.144217593348,1628.0241758241759,1749.9041340550039
1512.3806573723216,1634.6973684210527,1757.0140794697838
1518.6176540488193,1641.3676148796499,1764.1175757104804
1524.9482142298484,1648.1528384279477,1771.357462626047
1531.3340263055154,1655.004357298475,1778.6746882914347
1537.7901373269863,1661.9413043478262,1786.0924713686661
1544.21061940401,1668.8286334056399,1793.4466474072699
1550.6107965821839,1675.6861471861471,1800.7614977901103
1556.990650279434,1682.5140388768898,1808.0374274743456
1563.3961773968149,1689.3706896551723,1815.3452019135298
1569.7847529275509,1696.2021505376345,1822.619548147718
1576.1614687113956,1703.0150214592275,1829.8685742070593
1582.5908104143759,1709.8907922912206,1837.1907741680652
1589.0149993957909,1716.7564102564102,1844.4978211170294
1595.4492331532745,1723.6311300639659,1851.8130269746573
1601.9069497477949,1730.5319148936171,1859.1568800394393
1607.4964732047206,1736.3566878980891,1865.2169025914577
1613.0997043718962,1742.1970338983051,1871.294363424714
1618.6868960151853,1748.0169133192389,1877.3469306232926
1624.2546098116904,1753.8122362869199,1883.3698627621493
1629.8273085283431,1759.6126315789475,1889.3979546295518
1635.3806121763146,1765.3886554621849,1895.3966987480553
1640.9145838239122,1771.1404612159329,1901.3663386079536
1646.4397092023935,1776.8807531380753,1907.3217970737571
1651.9525512528389,1782.6054279749478,1913.2583046970567
1657.4860467221331,1788.3541666666667,1919.2222866112004
1663.2650452384494,1794.3991683991685,1925.5332915598876
1669.0244890794779,1800.4190871369294,1931.8136851943809
1674.7644323646809,1806.4140786749483,1938.0637249852157
1680.484930385579,1812.3842975206612,1944.2836646557435
1686.1860395391022,1818.3298969072166,1950.473754275331
1691.8678172641307,1824.2510288065844,1956.634240349038
1697.5303219810571,1830.1478439425052,1962.7653659039534
1703.1821088226675,1836.030737704918,1968.8793665871685
1708.8147276794703,1841.8895705521472,1974.9644134248242
1714.4282392513014,1847.7244897959183,1981.0207403405352
1720.4908240402169,1854.1038696537678,1987.7169152673187
1726.5867935384633,1860.5223577235772,1994.4579219086911
1732.6862233391487,1866.9432048681542,2001.2001863971598
1738.7659595008563,1873.338056680162,2007.9101538594678
1744.8260418327077,1879.7070707070707,2014.5880995814337
1750.8747650359292,1886.0604838709678,2021.2462027060064
1756.9121536106491,1892.3983903420524,2027.8846270734557
1762.9546981255103,1898.7409638554218,2034.5272295853333
1768.9892205856383,1905.0721442885772,2041.155067991516
1775.0173800937605,1911.394,2047.7706199062395
1782.3032436612907,1919.2874251497005,2056.2716066381104
1789.5722765538417,1927.1533864541832,2064.7344963545247
1796.9080954980823,1935.0994035785288,2073.2907116589754
1804.2378208531359,1943.031746031746,2081.8256712103562
1811.5536545116165,1950.9405940594058,2090.3275336071952
1818.8493462538154,1958.8181818181818,2098.7870173825481
1826.214402819392,1966.7790927021697,2107.3437825849473
1833.5777376245219,1974.732283464567,2115.8868293046121
1840.928509701645,1982.6640471512769,2124.3995846009088
1848.3220413677518,1990.6450980392158,2132.9681547106798
1854.8042527556834,1997.481409001957,2140.1585652482308
1861.2871127496282,2004.31640625,2147.3456997503718
1867.7499176108283,2011.1247563352827,2154.4995950597367
1874.1942934239942,2017.908560311284,2161.6228271985738
1880.6742788083898,2024.7339805825243,2168.7936823566588
1887.134254464914,2031.5329457364342,2175.9316370079541
1893.6075184035681,2038.3462282398452,2183.0849380761224
1900.0924287262085,2045.1718146718147,2190.2512006174206
1906.5573685841896,2051.9710982658958,2197.3848279476019
1913.024460831921,2058.771153846154,2204.5178468603872
1920.665497956184,2067.034548944338,2213.4035999324919
1928.3072286156794,2075.2931034482758,2222.2789782808723
1935.9330873922486,2083.5258126195031,2231.1185378467576
1943.5460163046705,2091.7366412213742,2239.9272661380778
1951.1684538685088,2099.9542857142856,2248.7401175600621
1958.8063163968106,2108.1863117870721,2257.5663071773333
1966.4923853622242,2116.4743833017078,2266.4563812411916
1974.2547302163598,2124.8541666666665,2275.4536031169732
1982.0098603142203,2133.2192816635161,2284.4287030128121
1989.7443402029619,2141.5528301886793,2293.3613201743965
1997.6654737620484,2150.1186440677966,2302.5718143735448
2005.5762716668639,2158.6654135338345,2311.7545554008047
2013.4663476907629,2167.1801125703564,2320.8938774499502
2021.3356406475793,2175.6629213483147,2329.9902020490499
2029.184095573871,2184.1140186915886,2339.0439418093065
2037.0116634081533,2192.5335820895521,2348.0555007709509
2044.8183006890374,2200.921787709497,2357.0252747299569
2052.603969270951,2209.2788104089218,2365.9536515468926
2060.409936690306,2217.656771799629,2374.903606908952
2068.1948746640946,2226.0037037037036,2383.8125327433127
2076.193520835468,2234.615526802218,2393.037532768968
2084.1711069925545,2243.1955719557195,2402.2200369188845
2092.1275894672544,2251.7440147329648,2411.3604399986752
2100.0629298654894,2260.2610294117649,2420.4591289580403
2108.0004632012437,2268.7761467889909,2429.5518303767381
2115.9284690862924,2277.2747252747254,2438.6209814631584
2123.8556656028841,2285.7678244972576,2447.6799833916311
2131.7645223207182,2294.2335766423357,2456.7026309639532
2139.6564752005879,2302.6739526411657,2465.6914300817434
2147.5271333362161,2311.0836363636363,2474.6401393910564
2156.0742617439755,2320.3430127041743,2484.611763664373
2164.6186733848931,2329.592391304348,2494.5661092238029
2173.1744812608067,2338.8499095840866,2504.5253379073665
2181.7160783468489,2348.0830324909748,2514.4499866351007
2190.2363012347432,2357.2828828828829,2524.3294645310225
2198.7350819101403,2366.4496402877699,2534.1641986653995
2207.291739823168,2375.6840215439856,2544.0763032648033
2215.8424380194779,2384.9050179211467,2553.9675978228156
2224.3828738884408,2394.1073345259392,2563.8317951634376
2232.9327873718685,2403.3160714285714,2573.6993554852743
2240.5942869528744,2411.415329768271,2582.2363725836676
2248.2445424410607,2419.4982206405693,2590.751898840078
2255.8879249383895,2427.5701598579039,2599.2523947774184
2263.5810354099767,2435.700354609929,2607.8196738098814
2271.261402380901,2443.8123893805309,2616.3633763801608
2278.9521945821334,2451.9346289752652,2624.9170633683971
2286.6995549008629,2460.1234567901233,2633.5473586793837
2294.4528346461784,2468.3169014084506,2642.1809681707227
2302.1961708760241,2476.4956063268892,2650.7950417777542
2309.93100813309,2484.6614035087719,2659.3917988844537
2318.260551042179,2493.5569176882664,2668.8532843343537
2326.5711338361425,2502.4248251748254,2678.2785165135083
2334.8599298415938,2511.2617801047122,2687.6636303678306
2343.1269329131824,2520.0679442508713,2697.0089555885602
2351.3777692076328,2528.8504347826088,2706.3231003575847
2359.6377414393023,2537.640625,2715.6435085606977
2367.8773085329631,2546.4020797227035,2724.926850912444
2376.1119193259005,2555.1539792387543,2734.1960391516081
2384.3920141370654,2563.958549222798,2743.5250843085305
2392.7174012892656,2572.8155172413794,2752.9136331934933
2401.8354446972139,2582.659208261618,2763.4829718260221
2410.9315854672977,2592.4690721649486,2774.0065588625994
2420.0723412902594,2602.3293310463123,2784.5863208023652
2429.2467062835503,2612.2260273972602,2795.20534851097
2438.4139375352474,2622.1076923076921,2805.8014470801368
2447.5590751125942,2631.9556313993176,2816.3521876860409
2456.7294560497066,2641.8296422487224,2826.9298284477381
2465.8776490625396,2651.6700680272111,2837.4624869918825
2475.003604245826,2661.4770797962647,2847.9505553467034
2484.1072768694953,2671.2508474576271,2858.3944180457588
2491.1704338520344,2678.544839255499,2865.9192446589636
2498.2203531688638,2685.822635135135,2873.4249171014062
2505.3058303006269,2693.1416526138278,2880.9774749270287
2512.3895104880921,2700.4579124579122,2888.5263144277324
2519.4771138071037,2707.7781512605043,2896.0791887139048
2526.5515020405514,2715.0822147651006,2903.6129274896498
2533.6397942554654,2722.4020100502512,2911.164225845037
2540.7149049534414,2729.7056856187291,2918.6964662840169
2547.7697692572137,2736.9849749582636,2926.2001806593134
2554.8214921390099,2744.2600000000002,2933.6985078609905
2563.4352337438527,2753.4093178036605,2943.3834018634684
2572.0689252839961,2762.5797342192691,2953.090543154542
2580.7427401742475,2771.7960199004974,2962.8492996267473
2589.4322654983112,2781.0281456953644,2972.6240258924176
2598.0997238818727,2790.2297520661159,2982.3597802503591
2606.7491639454288,2799.4059405940593,2992.0627172426898
2615.4034732650734,2808.5848434925865,3001.7662137200996
2624.0599286711767,2817.7631578947367,3011.4663871182966
2632.706415058537,2826.9261083743841,3021.1458016902311
2641.3939003013552,2836.1360655737703,3030.8782308461855
2649.7848720922766,2844.9819967266776,3040.1791213610786
2658.2133442020299,2853.8709150326799,3049.5284858633299
2666.6939534325725,2862.8205546492659,3058.9471558659593
2675.1687706875741,2871.7605863192184,3068.3524019508627
2683.6391355234796,2880.6926829268291,3077.7462303301786
2692.0943176016885,2889.6038961038962,3087.1134746061039
2700.5638031712274,2898.5299837925445,3096.4961644138616
2709.0288123813402,2907.4482200647249,3105.8676277481095
2717.4719649042136,2916.3376413570277,3115.2033178098418
2725.9226791425058,2925.233870967742,3124.5450627929781
2734.0163629840263,2933.6988727858293,3133.3813825876323
2742.1155472667638,2942.1688102893891,3142.2220733120143
2750.1933291032465,2950.6115569823437,3151.0297848614409
2758.2658724367957,2959.0464743589741,3159.8270762811526
2766.3398921312319,2967.4816000000001,3168.6233078687683
2774.4059984035198,2975.9057507987222,3177.4055031939247
2782.4722373638779,2984.3285486443383,3186.1848599247987
2790.549293224251,2992.7627388535034,3194.9761844827558
2798.6211087406291,3001.1891891891892,3203.7572696377492
2806.690359288878,3009.6111111111113,3212.5318629333447
2816.3465729804811,3019.9619651347066,3223.577357288932
2825.9842942816895,3030.2848101265822,3234.585325971475
2835.6607663902569,3040.650868878357,3245.6409713664571
2845.3148625799317,3050.9842271293373,3256.6535916787429
2854.9541841544542,3061.2944881889762,3267.6347922234982
2864.6015748693399,3071.6100628930817,3278.6185509168236
2874.2531733022538,3081.9262166405024,3289.599259978751
2883.943155097083,3092.2852664576803,3300.6273778182776
2893.6334236573939,3102.640062597809,3311.6467015382241
2903.307489620533,3112.9703125000001,3322.6331353794671
2911.2565807539704,3121.216848673947,3331.1771165939235
2919.1847019480297,3129.43769470405,3339.6906874600704
2927.1500243890523,3137.7013996889582,3348.2527749888641
2935.1168138925218,3145.9658385093167,3356.8148631261115
2943.1219035695653,3154.2744186046511,3365.4269336397369
2951.1454392260594,3162.6037151702785,3374.0619911144977
2959.148010822621,3170.9072642967544,3382.6665177708878
2967.1637418993346,3179.2253086419755,3391.2868753846165
2975.17950228474,3187.5423728813557,3399.9052434779715
2983.1743790689998,3195.833846153846,3408.4933132386923
2992.4687750992825,3205.6789554531492,3418.8891358070159
3001.7434600690694,3215.4969325153374,3429.2504049616055
3011.0249294051337,3225.3200612557425,3439.6151931063514
3020.3483916787745,3235.1911314984709,3450.0338713181673
3029.6596583803339,3245.0442748091605,3460.428891237987
3038.9738083688007,3254.8978658536585,3470.8219233385162
3048.2820295796719,3264.7412480974126,3481.2004666151533
3057.568006212432,3274.5547112462004,3491.5414162799689
3066.8330106423796,3284.3399089529589,3501.8468072635383
3076.0845827764242,3294.1060606060605,3512.1275384356968
3086.2106191375469,3304.9379727685327,3523.6653263995186
3096.314055493609,3315.7371601208461,3535.1602647480831
3106.3948685668192,3326.5037707390647,3546.6126729113103
3116.4836192307848,3337.2756024096384,3558.067585588492
3126.5655938358045,3348.0345864661654,3569.5035790965262
3136.650534883514,3358.7927927927926,3580.9350507020713
3146.7200946644507,3369.527736131934,3592.3353775994174
3156.7742565185586,3380.2395209580836,3603.7047853976087
3166.8373965810688,3390.9581464872945,3615.0788963935202
3176.9045932204926,3401.6776119402984,3626.4506306601043
3187.2752743179021,3412.7660208643815,3638.2567674108609
3197.6339651255985,3423.8348214285716,3650.0356777315446
3208.0071811967068,3434.9167904903416,3661.8263997839763
3218.3599007010152,3445.9688427299702,3673.5777847589252
3228.7029540794892,3457.0044444444443,3685.3059348093993
3239.0459539069184,3468.0355029585799,3697.0250520102413
3249.4033061264845,3479.0797636632201,3708.7562211999557
3259.7472928194998,3490.1032448377582,3720.4591968560167
3270.0730863115891,3501.1001472754051,3732.1272082392211
3280.3758657374324,3512.0647058823529,3743.7535460272734
3290.2861329216771,3522.5477239353891,3754.809314949101
3300.1796403979761,3533.0073313782991,3765.8350223586222
3310.0539734439062,3543.4407027818447,3776.8274321197832
3319.9055114444582,3553.843567251462,3787.7816230584658
3329.7621150594314,3564.2496350364963,3798.7371550135613
3339.6189189041343,3574.6530612244896,3809.687203544845
3349.4601998255653,3585.0349344978167,3820.6096691700682
3359.3089084403537,3595.4229651162791,3831.5370217922045
3369.134858488163,3605.7808417997098,3842.4268251112567
3378.9380735061782,3616.108695652174,3853.2793177981698
3389.7745793048307,3627.6903039073804,3865.6060285099302
3400.5996030250008,3639.2528901734104,3877.90617732182
3411.4119415701398,3650.7950937950936,3890.1782460200475
3422.2009988371797,3662.3040345821328,3902.4070703270859
3432.9714556566246,3673.7856115107916,3914.5997673649586
3443.7432505442807,3685.2643678160921,3926.7854850879035
3454.4987524763719,3696.718794835007,3938.938837193642
3465.2778031011362,3708.1977077363895,3951.1176123716427
3476.0651036484169,3719.6824034334763,3963.2997032185358
3486.8290164419177,3731.1342857142859,3975.439554986654
3497.4312283330873,3742.3851640513553,3987.3390997696233
3508.0488189532061,3753.6509971509972,3999.2531753487883
3518.6969528140648,3764.9502133712658,4011.2034739284668
3529.353307648832,3776.255681818182,4023.158055987532
3540.0236834940133,3787.5744680851062,4035.1252526761991
3550.6753322491722,3798.8668555240793,4047.0583787989863
3561.3584326320306,3810.1937765205093,4059.0291204089881
3572.0344342022167,3821.5084745762711,4070.9825149503254
3582.6870151318599,3832.7912552891398,4082.8954954464198
3593.3161841650708,3844.0422535211269,4094.768322877183
3604.031279157246,3855.393811533052,4106.7563439088581
3614.7322079703422,3866.7247191011238,4118.717230231905
3625.4317336015574,3878.0504908835906,4130.6692481656237
3636.107805466746,3889.3445378151259,4142.5812701635059
3646.7604358562589,3900.606993006993,4154.4535501577266
3657.3896388465209,3911.8379888268155,4166.28633880711
3668.0371220322886,3923.0878661087868,4178.138610185285
3678.6947275130642,3934.3467966573817,4189.9988658016991
3689.3704977966722,3945.6244784422811,4201.8784590878904
3700.0228262576775,3956.8708333333334,4213.7188404089893
3711.914027387194,3969.6241331484048,4227.3342389096151
3723.7813761156285,3982.3421052631579,4240.9028344106873
3735.657370842689,3995.0650069156295,4254.4726429885695
3747.5127989724842,4007.756906077348,4268.0010131822119
3759.3543524392635,4020.4262068965518,4281.4980613538401
3771.1719048923883,4033.060606060606,4294.9493072288233
3782.9654264467267,4045.6602475928471,4308.355068738967
3794.7404959934956,4058.2321428571427,4321.7237897207897
3806.4914837857418,4070.7695473251028,4335.0476108644643
3818.2183692521203,4083.2726027397262,4348.326836227332
3830.657126528421,4096.6470588235297,4362.6369911186384
3843.0849630788166,4110.0013661202183,4376.9177691616196
3855.4952067425615,4123.3274215552528,4391.1596363679446
3867.9208698399575,4136.6662125340599,4405.4115552281619
3880.3728842973401,4150.0312925170065,4419.6897007366724
3892.8082545958532,4163.369565217391,4433.9308758389288
3905.2192295135042,4176.6716417910447,4448.1240540685858
3917.6596644012752,4190.0040650406509,4462.3484656800265
3930.1085910888401,4203.3410013531802,4476.5734116175199
3942.5373946414675,4216.647297297297,4490.7571999531265
3954.8745858016159,4229.835357624831,4504.7961294480465
3967.2179819210542,4243.0256064690029,4518.8332310169517
3979.5598398737216,4256.2086137281294,4532.8573875825377
3991.9286604508816,4269.4193548387093,4546.910049226537
4004.3068101373851,4282.6362416107386,4560.9656730840916
4016.697520333973,4295.8632707774796,4575.0290212209857
4029.0634935269254,4309.0548862115129,4589.0462788961004
4041.4047081717008,4322.2112299465243,4603.0177517213478
4053.7758839994849,4335.3991989319093,4617.0225138643336
4066.1288166988184,4348.5600000000004,4630.9911833011829
4078.4339512189117,4361.6577896138479,4644.881628008784
4090.7284760265275,4374.7380319148933,4658.7475878032592
4103.0200225438057,4387.8100929614875,4672.6001633791693
4115.3216692884407,4400.8899204244035,4686.4581715603663
4127.5984358303622,4413.9350993377484,4700.2717628451346
4139.8503166939427,4426.9457671957671,4714.0412176975915
4152.0773087440693,4439.9220607661819,4727.7668127882944
4164.2794110984232,4452.8641160949865,4741.4488210915497
4176.4566250433418,4465.772068511199,4755.0875119790562
4188.6089539531158,4478.6460526315786,4768.6831513100415
4201.7021694410387,4492.6609724047303,4783.6197753684219
4214.7830671512656,4506.6548556430444,4798.5266441348231
4227.8451891289915,4520.6199213630407,4813.3946535970899
4240.9184385547678,4534.5929319371726,4828.2674253195773
4253.9803190491966,4548.546405228758,4843.1124914083193
4267.0468160821283,4562.5,4857.9531839178717
4280.1381522825268,4576.4784876140811,4872.8188229456355
4293.2414531158256,4590.466145833333,4887.6908385508405
4306.3736971446115,4604.4837451235371,4902.5937931024628
4319.481585312099,4618.4662337662339,4917.4508822203688
4333.8032064992776,4633.9403372243842,4934.0774679494907
4348.1047492887901,4649.3808290155439,4950.6569087422977
4362.3954773931346,4664.7994825355754,4967.2034876780162
4376.698168693124,4680.2248062015506,4983.7514437099771
4390.976375812701,4695.6116129032262,5000.2468499937513
4405.2404084248401,4710.9729381443303,5016.7054678638206
4419.4849958875066,4726.3024453024454,5033.1198947173843
4433.7038303877698,4741.5925449871465,5049.4812595865233
4447.9186675421106,4756.8703465982026,5065.8220256542945
4462.1460587770798,4772.1564102564107,5082.1667617357416
4475.6418959786961,4786.5390524967988,5097.4362090149016
4489.1117624503113,4800.8849104859337,5112.6580585215561
4502.5661589573974,4815.2068965517237,5127.84763414605
4516.0492034413228,4829.5586734693879,5143.0681434974531
4529.5440135793187,4843.91974522293,5158.2954768665413
4543.073602697993,4858.3180661577608,5173.5625296175285
4556.6232045116376,4872.7357052096568,5188.8482059076759
4570.1728645431031,4887.1484771573605,5204.1240897716179
4583.7079004713733,4901.5386565272493,5219.3694125831253
4597.2439809549232,4915.9253164556958,5234.6066519564683
4610.8030101001978,4930.3350189633375,5249.8670278264772
4624.3734327873071,4944.753787878788,5265.1341429702688
4637.9207745264266,4959.1399747793193,5280.3591750322121
4651.4606730691985,4973.5125944584379,5295.5645158476773
4664.9951919008972,4987.8742138364778,5310.7532357720584
4678.5440966908609,5002.2487437185928,5325.9533907463247
4692.0886018740239,5016.6135508155585,5341.1384997570931
4705.6640365329422,5031.0112781954886,5356.3585198580349
4719.2381134080551,5045.4030037546936,5371.5678941013321
4732.8336393400996,5059.8162499999999,5386.7988606599001
4747.4892747414033,5075.5131086142319,5403.5369424870605
4762.1336047232799,5091.1895261845384,5420.245447645797
4776.7706521911341,5106.8505603985059,5436.9304686058776
4791.382054267774,5122.4738805970146,5453.5657069262552
4805.9677720741511,5138.0596273291922,5470.1514825842332
4820.5359098260169,5153.6178660049627,5486.6998221839085
4835.0803289734113,5169.1412639405207,5503.2021989076302
4849.6111700965848,5184.6423267326736,5519.6734833687624
4864.1324670233334,5200.1260815822006,5536.1196961410678
4878.7020823533139,5215.6629629629633,5552.6238435726127
4891.5808096123546,5229.1676942046852,5566.7545787970157
4904.4565076038562,5242.6662561576359,5580.8760047114156
4917.3531157138423,5256.1869618696182,5595.0208080253942
4930.2248077364848,5269.6756756756758,5609.1265436148669
4943.0778554769695,5283.1398773006131,5623.2018991242567
4955.905007944616,5296.5710784313724,5637.2371489181287
4968.7249971908223,5309.9914320685439,5651.2578669462655
4981.5627284226284,5323.4303178484106,5665.2979072741928
4994.423327022364,5336.8937728937726,5679.3642187651812
5007.3160357389079,5350.3926829268294,5693.4693301147508
5021.8465908089565,5365.844092570037,5709.8415943311174
5036.4015628304196,5381.3199513381996,5726.2383398459797
5050.9587540830034,5396.7934386391253,5742.6281231952471
5065.5492721974761,5412.3021844660198,5759.0550967345634
5080.1238363219163,5427.7866666666669,5775.4494970114174
5094.7105287811364,5443.2808716707023,5791.8512145602681
5109.3123038676868,5458.7883917775089,5808.264479687331
5123.9240950189214,5474.3031400966183,5824.6821851743152
5138.5158186995022,5489.788902291918,5841.0619858843338
5153.1425005628143,5505.3120481927708,5857.4815958227273
5168.4550493687457,5521.6606498194942,5874.8662502702427
5183.7620368055714,5537.9963942307695,5892.2307516559677
5199.0871277145097,5554.3481392557023,5909.6091507968949
5214.427290666551,5570.7122302158277,5926.9971697651044
5229.7558287311203,5587.05628742515,5944.3567461191797
5245.0845411526943,5603.394736842105,5961.7049325315156
5260.3857834992295,5619.6941457586618,5979.002508018094
5275.679247019887,5635.9785202863959,5996.2777935529048
5290.9599731202816,5652.2419547079853,6013.5239362956891
5306.245659394338,5668.5059523809523,6030.7662453675666
5321.9550466318033,5685.2782401902496,6048.6014337486959
5337.6533798964047,5702.0308788598577,6066.4083778233107
5353.349412676831,5718.7746144721232,6084.1998162674154
5369.0323592713476,5735.4964454976307,6101.9605317239138
5384.6943751035787,5752.1869822485205,6119.6795893934623
5400.3285990964305,5768.8380614657208,6137.3475238350111
5415.9350089496529,5785.4498229043684,6154.9646368590838
5431.5223688569367,5802.0330188679245,6172.5436688789123
5447.0935839533031,5818.5912838633685,6190.0889837734339
5462.6369276625892,5835.110588235294,6207.5842488079988
5478.0049546751943,5851.4136310223266,6224.8223073694589
5493.3851974412473,5867.7265258215966,6242.0678542019459
5508.7473450720045,5884.0128956623685,6259.2784462527325
5524.0894356635481,5900.2704918032787,6276.4515479430092
5539.4124382069158,5916.5005847953216,6293.5887313837275
5554.7758148474277,5932.7745327102803,6310.7732505731328
5570.1560898888365,5949.064177362894,6327.9722648369516
5585.5269356506396,5965.3379953379954,6345.1490550253511
5600.8873640526599,5981.5948777648427,6362.3023914770256
5616.2295840965098,5997.8255813953492,6379.4215786941886
5633.5006232828528,6016.3902439024387,6399.2798645220246
5650.7821567812771,6034.9593967517403,6419.1366367222035
5668.082594326891,6053.5434530706834,6439.0043118144758
5685.3688341348761,6072.1018518518522,6458.8348695688283
5702.6436372295148,6090.6381502890172,6478.6326633485196
5719.9116526529269,6109.1581986143183,6498.4047445757096
5737.1756433516966,6127.665513264129,6518.1553831765614
5754.4289464543017,6146.1520737327191,6537.8752010111366
5771.6875216247581,6164.6375143843497,6557.5875071439414
5788.9550682679746,6183.1264367816093,6577.297805295244
5806.0892418229332,6201.4454649827785,6596.8016881426238
5823.2162949254434,6219.7488532110092,6616.2814114965749
5840.3144949587586,6238.0103092783502,6635.7061235979418
5857.3885161370272,6256.2356979405031,6655.082879743979
5874.4496319267409,6274.4388571428572,6674.4280823589734
5891.5091082200915,6292.6335616438355,6693.7580150675794
5908.5725474251067,6310.8266818700113,6713.0808163149159
5925.6135419534839,6328.9863325740316,6732.3591231945793
5942.6405325273108,6347.1228668941976,6751.6052012610844
5959.6779447575664,6365.2659090909092,6770.853873424252
5976.6608363137875,6383.3371169125994,6790.0133975114113
5993.6211724045015,6401.3752834467123,6809.129394488923
6010.5589314346507,6419.3805209513021,6828.2021104679534
6027.4900747654838,6437.3721719457017,6847.2542691259196
6044.417389762797,6455.3536723163843,6866.2899548699716
6061.3981013366511,6473.3939051918733,6885.3897090470955
6078.3917604174449,6491.4441939120634,6904.4966274066819
6095.3739466132583,6509.4752252252256,6923.5765038371928
6112.3305816612947,6527.4701912260971,6942.6098007908995
6129.2757054704271,6545.4460674157299,6961.6164293610327
6146.4915200684145,6563.7418630751963,6980.9922060819781
6163.6779017427752,6581.9966367713005,7000.3153717998257
6180.8506878197595,6600.229563269877,7019.6084387199944
6197.9940114226456,6618.4217002237137,7038.8493890247819
6215.1563102194004,6636.6312849162014,7058.1062596130023
6232.3235591698485,6654.8415178571431,7077.3594765444377
6249.4873445944986,6673.0423634336676,7096.5973822728365
6266.6615828396343,6691.2505567928729,7115.8395307461114
6283.8295016844349,6709.4460511679645,7135.062600651494
6300.9966484803836,6727.6355555555556,7154.2744626307276
6319.0066819477852,6746.8335183129857,7174.6603546781862
6337.021749566532,6766.0310421286031,7195.0403346906742
6355.0445490771835,6785.2314507198225,7215.4183523624615
6373.0493580521388,6804.4037610619471,7235.7581640717553
6391.0398112932407,6823.5524861878457,7256.0651610824507
6409.0461075026951,6842.7141280353198,7276.3821485679446
6427.0416350706637,6861.8566703417864,7296.6717056129091
6445.017208463064,6880.9691629955951,7316.9211175281262
6463.0020816225888,6900.0869086908688,7337.1717357591488
6480.9568816783994,6919.1626373626377,7357.368393046876
6498.0893855909826,6937.2502744237099,7376.4111632564372
6515.2548969539375,6955.3728070175439,7395.4907170811503
6532.4192190116701,6973.4895947426066,7414.5599704735432
6549.5685064893341,6991.5842450765867,7433.5999836638393
6566.7092041666829,7009.6644808743167,7452.6197575819506
6583.8311744966486,7027.7183406113536,7471.6055067260586
6600.9767426837006,7045.7960741548532,7490.6154056260057
6618.1247029289289,7063.8725490196075,7509.6203951102862
6635.2741104006909,7081.9466811751909,7528.6192519496908
6652.3946437350132,7099.9826086956518,7547.5705736562904
6671.0458273776694,7119.8425624321389,7568.6392974866085
6689.6665868998471,7139.6594360086765,7589.6522851175059
6708.2568972517884,7159.4333694474535,7610.6098416431187
6726.8302413659358,7179.1807359307359,7631.531230495536
6745.4063899900957,7198.9254054054054,7652.4444208207151
6763.9843989488963,7218.6663066954643,7673.3482144420323
6782.5444481584791,7238.379719525351,7694.2149908922229
6801.1152712965759,7258.1002155172409,7715.085159737906
6819.6555014814394,7277.778256189451,7735.9010108974626
6838.1723116085313,7297.4225806451614,7756.6728496817914
6858.4352812641464,7319.1729323308273,7779.9105833975082
6878.7245809638362,7340.9463519313304,7803.1681228988245
6898.9997242716008,7362.6934619506965,7826.3871996297921
6919.2632721590944,7384.4175588865101,7849.5718456139257
6939.523054689942,7406.1283422459892,7872.7336298020364
6959.808834384643,7427.8621794871797,7895.9155245897164
6980.0950869658982,7449.5880469583781,7919.081006950858
7000.352804089518,7471.2707889125795,7942.188773735641
7020.6073554514287,7492.9414270500529,7965.2754986486771
7040.8385141540766,7514.5755319148939,7988.3125496757111
7060.5494666370314,7535.5727948990434,8010.5961231610554
7080.2502276843916,7556.5509554140126,8032.8516831436336
7099.9557363343047,7577.5281018027572,8055.1004672712097
7119.638636865624,7598.4713983050851,8077.3041597445463
7139.3279579124392,7619.4158730158733,8099.5037881193075
7159.0201269955596,7640.3572938689222,8121.6944607422847
7178.6948651317261,7661.2713833157341,8143.847901499742
7198.3380713476563,7682.1413502109708,8165.9446290742853
7217.9840200805456,7703.008429926238,8188.0328397719304
7237.6273946093224,7723.8663157894734,8210.1052369696245
7256.7263534356362,7744.0683491062036,8231.4103447767702
7275.8089136825256,7764.2457983193281,8252.6826829561305
7294.8600537251077,7784.3809024134316,8273.9017511017555
7313.9344998615225,7804.5387840670855,8295.1430682726495
7333.0180778238882,7824.7026178010474,8316.3871577782065
7352.1125076633107,7844.8744769874475,8337.6364463115842
7371.2327116962115,7865.0721003134795,8358.9114889307475
7390.3794976039817,7885.2964509394569,8380.2134042749312
7409.5281825552474,7905.5182481751826,8401.5083137951187
7428.7085999956207,7925.7729166666668,8422.8372333377138
7449.1919053676829,7947.5785639958376,8445.9652226239923
7469.6777971829615,7969.3804573804573,8469.0831175779531
7490.131640943715,7991.1370716510901,8492.1425023584652
7510.5534105969482,8012.8485477178419,8515.1436848387366
7530.9456763460439,8034.5181347150256,8538.0905930840072
7551.3196527551654,8056.159420289855,8560.9991878245437
7571.7081415973544,8077.8117890382628,8583.9154364791721
7592.0730947326419,8099.4297520661157,8606.7864093995904
7612.4576483907531,8121.0650154798759,8629.6723825689987
7632.8686343752925,8142.7257731958762,8652.5829120164599
7653.3783204276851,8164.4984552008236,8675.6185899739612
7673.9090557065856,8186.2901234567898,8698.671191206995
7694.437556924664,8208.0729701952732,8721.7083834658824
7714.9551914419499,8229.8367556468165,8744.7183198516832
7735.4533388994732,8251.5712820512817,8767.6892252030902
7755.9920945244958,8273.3483606557384,8790.704626786981
7776.5327509874724,8295.1218014329588,8813.7108518784462
7797.0641195007584,8316.8783231083853,8836.6925267160132
7817.629887556639,8338.6700715015322,8859.7102554464254
7838.1631595763138,8360.4173469387752,8882.6715343012365
7860.0459016980212,8383.7767584097855,8907.5076151215508
7881.8958240049406,8407.0885947046845,8932.2813654044276
7903.7390486792347,8430.3845371312309,8957.0300255832281
7925.605049040827,8453.7002032520322,8981.7953574632375
7947.4709821316228,8477.0081218274117,9006.5452615232007
7969.316562513075,8500.2839756592293,9031.2513888053836
7991.1392202991156,8523.5248226950353,9055.910425090955
8012.9667224711175,8546.7641700404856,9080.5616176098538
8034.769536057358,8569.9666329625888,9105.1637298678197
8056.5720471328186,8593.1616161616166,9129.7511851904146
8077.4449209479299,8615.2401614530772,9153.0354019582246
8098.3528047530399,8637.354838709678,9176.3568726663161
8119.2761020172211,8659.4823766364552,9199.6886512556885
8140.2232340708742,8681.6327967806847,9223.0423594904951
8161.1441544516993,8703.7467336683421,9246.3493128849859
8182.0456359390191,8725.8323293172689,9269.6190226955187
8202.9166630740765,8747.8766298896699,9292.8365967052632
8223.783478112895,8769.9108216432869,9316.0381651736789
8244.6460578842762,8791.9349349349341,9339.223811985592
8265.5466427555639,8813.9989999999998,9362.4513572444357
8286.0672109087445,8835.6093906093902,9385.1515703100358
8306.5735862386009,8857.1986027944113,9407.8236193502216
8327.0742342478243,8878.7766699900294,9430.4791057322345
8347.591144330052,8900.369521912351,9453.1478994946501
8368.1022804989952,8921.9512437810954,9475.8002070631956
8388.5991766800507,8943.5119284294233,9498.4246801787958
8409.097038645763,8965.0695134061571,9521.0419881665512
8429.5857124653048,8986.6121031746025,9543.6384938839001
8450.0702541139781,9008.1456888007924,9566.2211234876067
8470.5219726821397,9029.6366336633655,9588.7512946445913
8492.0823997735934,9052.4312561819988,9612.7801125904043
8513.6235946777142,9075.197628458498,9636.7716622392818
8535.1488817857917,9097.9397828232977,9660.7306838608038
8556.6924058850618,9120.6982248520708,9684.7040438190797
8578.2299684643112,9143.4443349753692,9708.6587014864272
8599.7482324515167,9166.1624015748039,9732.576570698091
8621.2430315900565,9188.8475909537865,9756.4521503175165
8642.7293335214526,9211.5176817288793,9780.306029936306
8664.18467812772,9234.1462217860644,9804.1077654444089
8685.6082415402889,9256.7323529411769,9827.856464342065
8708.7119067152107,9281.3104799216453,9853.9090531280799
8731.7880588132793,9305.8483365949123,9879.9086143765453
8754.8301278494164,9330.3382209188658,9905.8463139883152
8777.8503452757941,9354.794921875,9931.7394984742059
8800.8789048828767,9379.2546341463421,9957.6303634098076
8823.9149356246071,9403.7163742690063,9983.5178129134056
8846.9534888660983,9428.1742940603708,10009.395099254643
8869.9708640393364,9452.6001945525295,10035.229525065723
8892.9735595890033,9477.0019436345974,10061.030327680191
8915.9705136534667,9501.3902912621361,10086.810068870805
8939.0374403466612,9525.8554801163918,10112.673519886122
8962.1481486069915,9550.3662790697672,10138.584409532543
8985.2675758761961,9574.8809293320428,10164.494282787889
9008.3745406425296,9599.374274661508,10190.374008680486
9031.4706399074093,9623.8483091787439,10216.225978450078
9054.5404130048373,9648.2847490347485,10242.02908506466
9077.6057692314553,9672.7097396335575,10267.81371003566
9100.6463851933913,9697.0992292870906,10293.55207338079
9123.7149816185083,9721.515880654475,10319.316779690442
9146.7952715274951,9745.9403846153855,10345.085497703276
9172.5048921502912,9773.5139289145045,10374.522965678718
9198.2089464036089,9801.0700575815736,10403.931168759538
9223.8859976611348,9828.5829338446783,10433.279870028222
9249.5367539373765,9856.053639846743,10462.570525756109
9275.1990880855574,9883.5282296650712,10491.857371244585
9300.8452504470351,9910.9732313575532,10521.101212268071
9326.4822793504391,9938.3973256924546,10550.31237203447
9352.1266926442986,9965.8206106870221,10579.514528729746
9377.8163114519048,9993.288846520496,10608.761381589087
9403.4902542463315,10020.728571428572,10637.966888610812
9428.4358723458936,10047.283539486203,10666.131206626513
9453.3698151854351,10073.816539923955,10694.263264662475
9478.2833039234647,10100.317188983856,10722.351074044247
9503.1667738136166,10126.774193548386,10750.381613283156
9528.03685723737,10153.207582938388,10778.378308639407
9552.9220701129598,10179.651515151516,10806.380960190072
9577.777154157593,10206.052034058657,10834.326913959721
9602.5965307075439,10232.402646502836,10862.208762298129
9627.4412071263887,10258.776203966007,10890.111200805624
9652.2889316921446,10285.146226415094,10918.003521138044
9677.1974338474593,10311.581526861451,10945.965619875444
9702.0732560132019,10337.970809792843,10973.868363572485
9726.9203321575842,10364.318908748824,11001.717485340065
9751.7457585965894,10390.63439849624,11029.523038395891
9776.5423960898024,10416.908920187794,11057.275444285786
9801.3623859753188,10443.204502814258,11085.046619653198
9826.1464236375941,10469.450796626053,11112.755169614513
9850.9545115865858,10495.719101123595,11140.483690660605
9875.7408128555162,10521.955098222637,11168.169383589759
9900.4911067800731,10548.142056074767,11195.79300536946
9925.2700621566692,10574.356676003736,11223.443289850802
9950.0303163010667,10600.542910447761,11251.055504594455
9974.793913743466,10626.726933830381,11278.659953917297
9999.5710513354697,10652.920856610801,11306.270661886132
10024.349872552995,10679.110697674419,11333.871522795844
10049.130340875397,10705.296468401488,11361.462595927578
10073.902199737888,10731.466109563602,11389.030019389316
10098.658352394528,10757.611317254174,11416.564282113819
10123.426277651679,10783.764596848934,11444.102916046189
10148.176094662354,10809.890740740741,11471.605386819127
10173.528652144563,10836.723404255319,11499.918156366075
10198.877569303109,10863.545286506469,11528.213003709829
10224.234515822189,10890.370267774701,11556.506019727212
10249.597885249759,10917.196494464944,11584.79510368013
10274.973868021505,10944.031336405529,11613.088804789553
10300.332031997857,10970.838858195211,11641.345684392565
10325.659898259342,10997.604415823367,11669.548933387392
10350.962132481298,11024.333639705883,11697.705146930468
10376.244175095566,11051.03305785124,11725.821940606915
10401.499011001535,11077.694495412845,11753.889979824155
10428.249195888759,11106.122823098076,11783.996450307393
10454.981552599138,11134.521978021978,11814.062403444817
10481.698347146641,11162.894784995426,11844.09122284421
10508.398005074925,11191.239488117002,11874.080971159079
10535.06897308515,11219.542465753424,11904.015958421698
10561.734252760998,11247.831204379561,11933.928155998125
10588.39150041322,11276.103008204193,11963.814515995165
10615.06445278199,11304.386156648452,11993.707860514915
10641.720851870305,11332.642402183803,12023.563952497301
10668.35300307262,11360.862727272728,12053.372451472836
10694.995360663284,11389.088101725703,12083.180842788122
10721.654761604454,11417.326678765879,12112.998595927305
10748.303594143044,11445.545784224842,12142.787974306639
10774.931115609865,11473.732789855072,12172.534464100279
10801.587779211415,11501.947511312217,12202.307243413019
10828.268158536073,11530.183544303798,12232.098930071523
10854.935524071652,11558.397470641374,12261.859417211095
10881.565412806996,11586.560469314079,12291.555525821163
10908.157817559912,11614.672678088367,12321.187538616823
10934.718840365029,11642.741441441442,12350.764042517854
10963.129325582155,11673.000900090008,12382.872474597862
10991.522152401356,11703.230215827338,12414.93827925332
11019.88373071917,11733.413297394429,12446.942864069688
11048.233567965108,11763.573608617595,12478.913649270082
11076.557328676361,11793.694170403587,12510.831012130813
11104.862487383312,11823.784050179211,12542.705612975109
11133.159520801946,11853.855863921217,12574.552207040488
11161.470163373002,11883.935599284436,12606.40103519587
11189.788342295549,11914.016085790885,12638.243829286221
11218.092233172481,11944.071428571429,12670.050623970377
11247.929756053882,11975.952720785013,12703.975685516145
11277.742869633543,12007.794117647059,12737.845365660576
11307.561902885127,12039.632235084595,12771.702567284063
11337.357867574266,12071.432384341637,12805.506901109007
11367.175163014361,12103.248,12839.320836985638
11396.959621766589,12135.014209591474,12873.068797416359
11426.705255386556,12166.724046140194,12906.742836893833
11456.452751195873,12198.426418439716,12940.400085683559
11486.187229485844,12230.103631532329,12974.020033578814
11515.894562610812,12261.738938053097,13007.583313495381
11546.127368894382,12293.993810786915,13041.860252679448
11576.365289796002,12326.244699646642,13076.124109497283
11606.606038592308,12358.488967343335,13110.371896094362
11636.859118290748,12390.738095238095,13144.617072185443
11667.145801667712,12423.017621145375,13178.889440623037
11697.421098596087,12455.273767605633,13213.126436615179
11727.69156984881,12487.514511873351,13247.337453897891
11757.979218795495,12519.76625659051,13281.553294385525
11788.247937081676,12551.985952589992,13315.723968098308
11818.480024051847,12584.152631578947,13349.825239106047
11848.78347697973,12616.395267309377,13384.007057639024
11879.058274683048,12648.594570928197,13418.130867173346
11909.313919617194,12680.762029746282,13452.210139875369
11939.560643869992,12712.909965034965,13486.259286199938
11969.77857539091,12745.014847161572,13520.251118932234
12000.016110804008,12777.134380453752,13554.252650103495
12030.262174261781,12809.255448997385,13588.248723732988
12060.49324086263,12841.350174216028,13622.207107569426
12090.729058620287,12873.442123585726,13656.155188551165
12120.953450965746,12905.512173913043,13690.070896860339
12152.658130897156,12939.338835794961,13726.019540692765
12184.351564405501,12973.141493055555,13761.931421705609
12216.025709240013,13006.910667823071,13797.795626406129
12247.663107871176,13040.625649913345,13833.588191955514
12279.30355353752,13074.334199134199,13869.364844730877
12310.948422541214,13108.038062283737,13905.127702026259
12342.62298075939,13141.767502160761,13940.912023562132
12374.304704529301,13175.495682210709,13976.686659892117
12405.953008502494,13209.174288179465,14012.395567856436
12437.560607476527,13242.794827586207,14048.029047695887
12470.31352652534,13277.77519379845,14085.23686107156
12503.064354016391,13312.74182444062,14122.419294864849
12535.811573550298,13347.693035253655,14159.574496957011
12568.527850391443,13382.596219931271,14196.664589471098
12601.246823012732,13417.491845493561,14233.73686797439
12633.979882559011,13452.393653516296,14270.80742447358
12666.69756153074,13487.26649528706,14307.83542904338
12699.41197411726,13522.125,14344.83802588274
12732.132361267588,13556.980325064158,14381.828288860728
12764.853635147863,13591.826495726496,14418.79935630513
12797.291987047023,13626.32536293766,14455.358738828296
12829.728323092753,13660.812286689419,14491.896250286085
12862.15541448699,13695.278772378517,14528.402130270044
12894.596133768717,13729.752129471892,14564.908125175067
12927.030355773344,13764.208510638298,14601.386665503253
12959.432247200602,13798.617346938776,14637.802446676949
12991.798188412306,13832.974511469838,14674.150834527371
13024.173957065239,13867.334465195247,14710.494973325254
13056.534447002983,13901.667514843088,14746.800582683192
13088.88033032589,13935.974576271186,14783.068822216483
13121.162927883199,13970.198137171888,14819.233346460578
13153.448018091714,14004.416243654823,14855.384469217932
13185.723396230318,14038.614539306847,14891.505682383377
13217.95900462936,14072.757601351352,14927.556198073344
13250.18911993238,14106.886075949367,14963.583031966355
13282.420127335199,14141.007588532884,14999.595049730569
13314.669111717682,14175.142375737152,15035.615639756623
13346.915316551878,14209.265993265994,15071.616669980109
13379.176529423541,14243.399495374264,15107.622461324987
13411.409201896016,14277.491596638656,15143.573991381296
13445.511138903528,14313.790931989925,15182.070725076321
13479.586762117273,14350.04865771812,15220.510553318967
13513.653622457114,14386.285834031853,15258.918045606591
13547.729258411538,14422.523450586265,15297.317642760991
13581.805152641864,14458.751464435147,15335.69777622843
13615.853800377208,14494.9372909699,15374.020781562591
13649.877263594637,14531.083542188806,15412.289820782975
13683.890265374743,14567.207846410685,15450.525427446628
13717.899783354089,14603.31859883236,15488.737414310632
13751.909274886197,14639.42,15526.930725113803
13786.88194963071,14676.65695253955,15566.43195544839
13821.846430721031,14713.873544093178,15605.900657465325
13856.805443843461,14751.07315045719,15645.34085707092
13891.744264122332,14788.238372093023,15684.732480063714
13926.681675782478,14825.391701244813,15724.101726707147
13961.621798001501,14862.538142620233,15763.454487238965
13996.528993874652,14899.635459817729,15802.741925760807
14031.405307669696,14936.686258278145,15841.967208886594
14066.288343015802,14973.735318444997,15881.182293874192
14101.160609872488,15010.761983471075,15920.363357069662
14138.176528669323,15050.336085879439,15962.495643089555
14175.179025337227,15089.881188118812,16004.583350900397
14212.18176010887,15129.413849958781,16046.645939808692
14249.187388162634,15168.937397034597,16088.687405906559
14286.164196214873,15208.413991769547,16130.66378732422
14323.183574915784,15247.92927631579,16172.674977715797
14360.194577045697,15287.422350041084,16214.650123036472
14397.164146165151,15326.853858784893,16256.543571404634
14434.100449729223,15366.233798195242,16298.367146661261
14471.043936994081,15405.610655737704,16340.177374481327
14507.272844784007,15444.125307125307,16380.977769466606
14543.509028743414,15482.63829787234,16421.767567001265
14579.728303282771,15521.121013900245,16462.513724517721
14615.956787565174,15559.604575163399,16503.252362761625
14652.185459656666,15598.07836734694,16543.971275037213
14688.397047957002,15636.522022838499,16584.646997719996
14724.590813293678,15674.934800325998,16625.278787358318
14760.779778879765,15713.332247557004,16665.884716234243
14796.956323174982,15751.705451586657,16706.454579998332
14833.107331775589,15790.039024390244,16746.970717004901
14870.863619657273,15830.268887083672,16789.67415451007
14908.593238008649,15870.455357142857,16832.317476277065
14946.313825002993,15910.619626926196,16874.925428849401
14983.998752191301,15950.730145867099,16917.461539542895
15021.701740396908,15990.851012145749,16960.000283894591
15059.426104641969,16030.986245954693,17002.546387267419
15097.119377459607,16071.073565076798,17045.02775269399
15134.827752280298,16111.16801292407,17087.508273567841
15172.523272810198,16151.236481033091,17129.949689255984
15210.173245723809,16191.240322580645,17172.307399437479
15247.892479552127,16231.315874294924,17214.73926903772
15285.590512077186,16271.355877616747,17257.121243156307
15323.299206426429,16311.398230088496,17299.497253750564
15360.983869478699,16351.40192926045,17341.8199890422
15398.644452030134,16391.367068273092,17384.08968451605
15436.293799972338,16431.308988764045,17426.324177555754
15473.936608870608,16471.233360064154,17468.5301112577
15511.548408695386,16511.111378205129,17510.674347714874
15549.12576969057,16550.939151321058,17552.752532951545
15586.688317592154,16590.740000000002,17594.791682407849
15624.749046237128,16631.119904076739,17637.49076191635
15662.80819538948,16671.48801916933,17680.16784294918
15700.905554116616,16711.891460494811,17722.877366873006
15739.012675092528,16752.296650717704,17765.580626342882
15777.097773297204,16792.666135458167,17808.234497619127
15815.160805754,16833.0,17850.839194246
15853.183516435902,16873.276849642003,17893.370182848106
15891.176667291558,16913.509538950715,17935.842410609872
15929.165848846224,16953.728355837968,17978.290862829712
15967.150337311859,16993.932539682541,18020.71474205322
16006.466337422615,17035.700237906425,18064.934138390236
16045.766290793943,17077.4381933439,18109.110095893855
16085.065522430548,17119.164687252574,18153.2638520746
16124.330533862587,17160.840189873419,18197.349845884251
16163.564621458678,17202.468774703557,18241.372927948436
16202.805839437709,17244.095576619275,18285.385313800842
16242.025389067972,17285.686661404892,18329.347933741814
16281.251279645803,17327.275236593061,18373.299193540319
16320.490123032865,17368.869188337274,18417.248253641683
16359.738511918455,17410.464566929135,18461.190621939815
16400.890659723562,17454.306058221871,18507.721456720181
16442.062026155978,17498.158018867925,18554.254011579873
16483.224120361996,17541.986645718775,18600.749171075553
16524.363658177201,17585.776295133437,18647.188932089673
16565.496411882887,17629.545882352941,18693.595352822995
16606.612405289718,17673.283699059561,18739.954992829404
16647.702329787982,17716.978856695379,18786.255383602776
16688.781296425794,17760.649452269172,18832.51760811255
16729.851215354909,17804.297888975761,18878.744562596614
16770.910699568522,17847.922656250001,18924.93461293148
16812.912081122398,17892.654176424669,18972.396271726939
16854.908555415579,17937.367394695786,19019.826233975993
16896.895449785865,17982.056897895556,19067.218346005247
16938.896947666031,18026.7515576324,19114.606167598769
16980.865761568464,18071.395330739299,19161.924899910133
17022.848362291821,18116.043545878692,19209.238729465564
17064.808626679762,18160.653457653458,19256.498288627154
17106.76876317717,18205.251552795031,19303.734342412892
17148.733281148841,18249.843289371605,19350.953297594369
17190.681808156696,18294.404651162789,19398.127494168883
17233.498704490357,18339.984508133231,19446.470311776106
17276.267989852771,18385.49535603715,19494.72272222153
17319.033259214604,18430.989172467132,19542.945085719661
17361.7794501307,18476.448222565687,19591.116995000673
17404.542315678358,18521.915057915059,19639.28780015176
17447.287259218199,18567.3487654321,19687.410271646
17489.988822428644,18612.719352351582,19735.449882274519
17532.690564057069,18658.078582434515,19783.46660081196
17575.357920165668,18703.385681293301,19831.413442420933
17618.027924715803,18748.684615384616,19879.341306053429
17661.889369720699,18795.384319754034,19928.879269787369
17705.730942245573,18842.047619047618,19978.364295849664
17749.582305078366,18888.709900230238,20027.837495382111
17793.405881823313,18935.326687116565,20077.247492409817
17837.193846259361,18981.888888888891,20126.58393151842
17880.989427287448,19028.447932618685,20175.906437949921
17924.767995079179,19074.974751338945,20225.181507598711
17968.526897802356,19121.46636085627,20274.405823910183
18012.258966755442,19167.914438502674,20323.569910249906
18055.971243760807,19214.327480916032,20372.683718071257
18100.095086970679,19261.215865751336,20422.336644531992
18144.189888475164,19308.057926829268,20471.925965183371
18188.282634844894,19354.885757806551,20521.488880768207
18232.353939261106,19401.676560121767,20570.999180982428
18276.395372601601,19448.420532319393,20620.445692037185
18320.433910279378,19495.149696048633,20669.865481817887
18364.472701423136,19541.867881548977,20719.263061674817
18408.485949878152,19588.544764795144,20768.603579712137
18452.501255043448,19635.213040181956,20817.924825320464
18496.501835847568,19681.853030303031,20867.204224758494
18542.808462235454,19731.212717638155,20919.616973040855
18589.115579561105,19780.559001512858,20972.002423464612
18635.411648456633,19829.878306878309,21024.344965299984
18681.678144897229,19879.148791540785,21076.619438184342
18727.952485124952,19928.415094339623,21128.877703554295
18774.194544582992,19977.62971342383,21181.064882264669
18820.404246056107,20026.792765636776,21233.181285217444
18866.598032853435,20075.923945783132,21285.249858712828
18912.773287028176,20125.020316027087,21337.267345025997
18958.93755479177,20174.090977443608,21389.244400095446
19006.228167469555,20224.485349361381,21442.742531253207
19053.512454737607,20274.858108108107,21496.203761478606
19100.799795113966,20325.220555138785,21549.641315163604
19148.130491756776,20375.620689655174,21603.110887553572
19195.423653294358,20425.962546816478,21656.501440338598
19242.677938083252,20476.244760479043,21709.811582874834
19289.938069213978,20526.520568436797,21763.103067659616
19337.185033263253,20576.767563527654,21816.350093792054
19384.423796058698,20626.991784914117,21869.559773769535
19431.661843765298,20677.20223880597,21922.742633846643
19479.775491236614,20728.437733035047,21977.09997483348
19527.860401985574,20779.625186289122,22031.389970592671
19575.946626684832,20830.800446760983,22085.654266837133
19624.003947732879,20881.927827380954,22139.851707029029
19672.028521383698,20933.002973977695,22193.977426571691
19720.052902312276,20984.064635958395,22248.076369604514
19768.048775831045,21035.079435783224,22302.110095735403
19816.033006193335,21086.067507418396,22356.102008643458
19864.026210461299,21137.053372868791,22410.080535276284
19912.002600602013,21188.006666666668,22464.010732731324
19961.219250527014,21240.415988156921,22519.612725786828
20010.394993035923,21292.762573964497,22575.130154893071
20059.549694188361,21345.070214338506,22630.590734488651
20108.684516636393,21397.340472673561,22685.996428710729
20157.827419298883,21449.606642066421,22741.385864833959
20206.975817524537,21501.865781710916,22796.755745897295
20256.135848644568,21554.125276344879,22852.114704045191
20305.286252370417,21606.360088365243,22907.43392436007
20354.387107916773,21658.523178807947,22962.659249699122
20403.473210048956,21710.655882352941,23017.838554656926
20454.049578558268,21764.540778839088,23075.031979119907
20504.59775526488,21818.377386196771,23132.157017128662
20555.125069365753,21872.174614820251,23189.224160274749
20605.653687158363,21925.958944281523,23246.264201404683
20656.178567801984,21979.724542124542,23303.270516447101
20706.681698027754,22033.450219619328,23360.218741210901
20757.199447284765,22087.179224579369,23417.159001873973
20807.734187312381,22140.91447368421,23474.094760056039
20858.287671267957,22194.658144631117,23531.028617994278
20908.83943112459,22248.386131386862,23587.932831649134
20960.035280750657,22302.862873814734,23645.690466878812
21011.229682473429,22357.323615160349,23703.417547847268
21062.41762197253,22411.762563729062,23761.107505485594
21113.627919960214,22466.213973799127,23818.800027638041
21164.835263206602,22520.648000000001,23876.4607367934
21216.064153948322,22575.09375,23934.123346051678
21267.263483405761,22629.490922294844,23991.718361183928
21318.430720436616,22683.83671988389,24049.242719331163
21369.555963749212,22738.119651921683,24106.683340094154
21420.658809259592,22792.363043478261,24164.06727769693
21474.013501978941,22849.259956553222,24224.506411127502
21527.350167489116,22906.119392185239,24284.888616881362
21580.659569878062,22962.930585683298,24345.201601488534
21633.928217458808,23019.67774566474,24405.427273870671
21687.164534846801,23076.371119133575,24465.577703420349
21740.407374078743,23133.056998557,24525.706623035258
21793.623170043393,23189.695746214853,24585.768322386313
21846.808182331042,23246.283141210373,24645.758100089704
21899.942858130413,23302.796256299494,24705.649654468576
21953.047798509142,23359.259712230214,24765.471625951286
22007.842703728427,23417.713156002876,24827.583608277324
22062.634742635182,23476.146551724138,24889.658360813093
22117.465473657514,23534.609475951183,24951.753478244853
22172.281028734844,23593.038020086082,25013.79501143732
22227.104241865167,23651.459498207885,25075.814754550604
22281.883691916402,23709.813037249285,25137.742382582168
22336.62833526243,23768.10952040086,25199.590705539289
22391.347129730737,23826.359799713879,25261.37246969702
22446.039980629306,23884.563974267334,25323.087967905361
22500.721277827095,23942.739285714284,25384.757293601473
22556.403149493206,24002.085653104925,25447.768156716644
22612.050882894233,24061.375178316692,25510.699473739151
22667.675793367354,24120.621525302922,25573.56725723849
22723.287993881684,24179.836894586893,25636.385795292103
22778.901800138101,24239.0384341637,25699.175068189299
22834.511101794644,24298.21906116643,25761.927020538216
22890.110994846847,24357.373134328358,25824.635273809869
22945.730798788401,24416.535511363636,25887.340223938871
23001.337396133003,24475.667139815472,25949.996883497941
23056.927094888691,24534.763829787233,26012.600564685774
23114.705508477637,24596.441530829201,26078.177553180765
23172.46122571484,24658.074362606232,26143.687499497624
23230.228638792774,24719.703467799009,26209.178296805243
23287.97787341442,24781.293493635079,26274.609113855739
23345.710002295345,24842.845936395759,26339.981870496173
23403.456435555454,24904.398305084746,26405.340174614037
23461.17601852088,24965.901905434017,26470.627792347153
23518.912050464463,25027.408321579689,26535.904592694915
23576.673922700746,25088.928823114871,26601.183723528997
23634.410998270421,25150.403521126762,26666.396043983103
23693.419864062053,25213.371569317384,26733.323274572715
23752.422571824871,25276.314345991563,26800.206120158255
23811.430233760442,25339.245256500351,26867.060279240261
23870.411978818771,25402.127808988764,26933.843639158757
23929.358822821272,25464.95157894737,27000.544335073468
23988.274202215485,25527.720897615709,27067.167593015933
24047.18756685609,25590.470918009811,27133.754269163532
24106.06866070949,25653.165966386554,27200.263272063617
24164.928019706007,25715.818754373689,27266.709489041372
24223.779133223103,25778.445454545454,27333.111775867805
24284.278481453999,25843.011180992315,27401.74388053063
24344.758592031802,25907.535614525139,27470.312637018476
24405.20406909904,25972.000697836706,27538.797326574371
24465.644156982195,26036.441422594144,27607.238688206093
24526.093999955963,26100.875958188153,27675.657916420343
24586.514140134412,26165.257660167132,27744.001180199852
24646.904465258791,26229.586638830897,27812.268812403003
24707.296562711304,26293.900556328234,27880.504549945163
24767.694425354319,26358.204308547603,27948.714191740888
24828.069776126729,26422.464583333334,28016.859390539939
24890.335350469781,26488.951422623177,28087.567494776573
24952.578668933689,26555.39251040222,28158.206351870751
25014.790855698971,26621.777546777546,28228.764237856121
25077.006748197018,26688.148199445983,28299.289650694947
25139.224466563322,26754.502422145328,28369.780377727333
25201.433978079061,26820.828492392808,28440.223006706554
25263.593798860715,26887.077401520386,28510.561004180057
25325.742841699725,26953.295580110498,28580.848318521272
25387.835557639621,27019.429261559697,28651.022965479773
25449.914356226385,27085.528965517242,28721.143574808098
